game_id,turn,snake_id,snake_name,health,length,alive
e4023cb0-2a14-4f0b-be35-a2da01c55b24,0,083dd400-7095-4eb7-82b6-b3884912bced,MCTS Heuristic 1,100,3,1
e4023cb0-2a14-4f0b-be35-a2da01c55b24,0,2288e9f9-743b-4cca-bef1-59a154a82da0,MCTS Heuristic 2,100,3,1
e4023cb0-2a14-4f0b-be35-a2da01c55b24,0,d472ddc9-fc15-4f18-b389-3351cdcf7243,Heuristic1,100,3,1
e4023cb0-2a14-4f0b-be35-a2da01c55b24,0,259ae78d-346e-4aa1-b638-235d1409f780,MCTS1,100,3,1
e4023cb0-2a14-4f0b-be35-a2da01c55b24,1,083dd400-7095-4eb7-82b6-b3884912bced,MCTS Heuristic 1,99,3,1
e4023cb0-2a14-4f0b-be35-a2da01c55b24,1,2288e9f9-743b-4cca-bef1-59a154a82da0,MCTS Heuristic 2,99,3,1
e4023cb0-2a14-4f0b-be35-a2da01c55b24,1,d472ddc9-fc15-4f18-b389-3351cdcf7243,Heuristic1,99,3,1
e4023cb0-2a14-4f0b-be35-a2da01c55b24,1,259ae78d-346e-4aa1-b638-235d1409f780,MCTS1,99,3,1
e4023cb0-2a14-4f0b-be35-a2da01c55b24,1,083dd400-7095-4eb7-82b6-b3884912bced,MCTS Heuristic 1,99,3,1
e4023cb0-2a14-4f0b-be35-a2da01c55b24,1,2288e9f9-743b-4cca-bef1-59a154a82da0,MCTS Heuristic 2,99,3,1
e4023cb0-2a14-4f0b-be35-a2da01c55b24,1,d472ddc9-fc15-4f18-b389-3351cdcf7243,Heuristic1,99,3,1
e4023cb0-2a14-4f0b-be35-a2da01c55b24,1,259ae78d-346e-4aa1-b638-235d1409f780,MCTS1,99,3,1
e4023cb0-2a14-4f0b-be35-a2da01c55b24,1,083dd400-7095-4eb7-82b6-b3884912bced,MCTS Heuristic 1,99,3,1
e4023cb0-2a14-4f0b-be35-a2da01c55b24,1,2288e9f9-743b-4cca-bef1-59a154a82da0,MCTS Heuristic 2,99,3,1
e4023cb0-2a14-4f0b-be35-a2da01c55b24,1,d472ddc9-fc15-4f18-b389-3351cdcf7243,Heuristic1,99,3,1
e4023cb0-2a14-4f0b-be35-a2da01c55b24,1,259ae78d-346e-4aa1-b638-235d1409f780,MCTS1,99,3,1
e4023cb0-2a14-4f0b-be35-a2da01c55b24,1,083dd400-7095-4eb7-82b6-b3884912bced,MCTS Heuristic 1,99,3,1
e4023cb0-2a14-4f0b-be35-a2da01c55b24,1,2288e9f9-743b-4cca-bef1-59a154a82da0,MCTS Heuristic 2,99,3,1
e4023cb0-2a14-4f0b-be35-a2da01c55b24,1,d472ddc9-fc15-4f18-b389-3351cdcf7243,Heuristic1,99,3,1
e4023cb0-2a14-4f0b-be35-a2da01c55b24,1,259ae78d-346e-4aa1-b638-235d1409f780,MCTS1,99,3,1
e4023cb0-2a14-4f0b-be35-a2da01c55b24,2,083dd400-7095-4eb7-82b6-b3884912bced,MCTS Heuristic 1,98,3,1
e4023cb0-2a14-4f0b-be35-a2da01c55b24,2,d472ddc9-fc15-4f18-b389-3351cdcf7243,Heuristic1,98,3,1
e4023cb0-2a14-4f0b-be35-a2da01c55b24,2,259ae78d-346e-4aa1-b638-235d1409f780,MCTS1,100,4,1
e4023cb0-2a14-4f0b-be35-a2da01c55b24,2,2288e9f9-743b-4cca-bef1-59a154a82da0,MCTS Heuristic 2,99,3,0
e4023cb0-2a14-4f0b-be35-a2da01c55b24,2,083dd400-7095-4eb7-82b6-b3884912bced,MCTS Heuristic 1,98,3,1
e4023cb0-2a14-4f0b-be35-a2da01c55b24,2,d472ddc9-fc15-4f18-b389-3351cdcf7243,Heuristic1,98,3,1
e4023cb0-2a14-4f0b-be35-a2da01c55b24,2,259ae78d-346e-4aa1-b638-235d1409f780,MCTS1,100,4,1
e4023cb0-2a14-4f0b-be35-a2da01c55b24,2,2288e9f9-743b-4cca-bef1-59a154a82da0,MCTS Heuristic 2,99,3,0
e4023cb0-2a14-4f0b-be35-a2da01c55b24,2,083dd400-7095-4eb7-82b6-b3884912bced,MCTS Heuristic 1,98,3,1
e4023cb0-2a14-4f0b-be35-a2da01c55b24,2,d472ddc9-fc15-4f18-b389-3351cdcf7243,Heuristic1,98,3,1
e4023cb0-2a14-4f0b-be35-a2da01c55b24,2,259ae78d-346e-4aa1-b638-235d1409f780,MCTS1,100,4,1
e4023cb0-2a14-4f0b-be35-a2da01c55b24,2,2288e9f9-743b-4cca-bef1-59a154a82da0,MCTS Heuristic 2,99,3,0
e4023cb0-2a14-4f0b-be35-a2da01c55b24,3,083dd400-7095-4eb7-82b6-b3884912bced,MCTS Heuristic 1,97,3,1
e4023cb0-2a14-4f0b-be35-a2da01c55b24,3,d472ddc9-fc15-4f18-b389-3351cdcf7243,Heuristic1,97,3,1
e4023cb0-2a14-4f0b-be35-a2da01c55b24,3,259ae78d-346e-4aa1-b638-235d1409f780,MCTS1,99,4,1
e4023cb0-2a14-4f0b-be35-a2da01c55b24,3,2288e9f9-743b-4cca-bef1-59a154a82da0,MCTS Heuristic 2,99,3,0
e4023cb0-2a14-4f0b-be35-a2da01c55b24,3,083dd400-7095-4eb7-82b6-b3884912bced,MCTS Heuristic 1,97,3,1
e4023cb0-2a14-4f0b-be35-a2da01c55b24,3,d472ddc9-fc15-4f18-b389-3351cdcf7243,Heuristic1,97,3,1
e4023cb0-2a14-4f0b-be35-a2da01c55b24,3,259ae78d-346e-4aa1-b638-235d1409f780,MCTS1,99,4,1
e4023cb0-2a14-4f0b-be35-a2da01c55b24,3,2288e9f9-743b-4cca-bef1-59a154a82da0,MCTS Heuristic 2,99,3,0
e4023cb0-2a14-4f0b-be35-a2da01c55b24,3,083dd400-7095-4eb7-82b6-b3884912bced,MCTS Heuristic 1,97,3,1
e4023cb0-2a14-4f0b-be35-a2da01c55b24,3,d472ddc9-fc15-4f18-b389-3351cdcf7243,Heuristic1,97,3,1
e4023cb0-2a14-4f0b-be35-a2da01c55b24,3,259ae78d-346e-4aa1-b638-235d1409f780,MCTS1,99,4,1
e4023cb0-2a14-4f0b-be35-a2da01c55b24,3,2288e9f9-743b-4cca-bef1-59a154a82da0,MCTS Heuristic 2,99,3,0
e4023cb0-2a14-4f0b-be35-a2da01c55b24,4,083dd400-7095-4eb7-82b6-b3884912bced,MCTS Heuristic 1,96,3,1
e4023cb0-2a14-4f0b-be35-a2da01c55b24,4,d472ddc9-fc15-4f18-b389-3351cdcf7243,Heuristic1,96,3,1
e4023cb0-2a14-4f0b-be35-a2da01c55b24,4,259ae78d-346e-4aa1-b638-235d1409f780,MCTS1,98,4,1
e4023cb0-2a14-4f0b-be35-a2da01c55b24,4,2288e9f9-743b-4cca-bef1-59a154a82da0,MCTS Heuristic 2,99,3,0
e4023cb0-2a14-4f0b-be35-a2da01c55b24,4,083dd400-7095-4eb7-82b6-b3884912bced,MCTS Heuristic 1,96,3,1
e4023cb0-2a14-4f0b-be35-a2da01c55b24,4,d472ddc9-fc15-4f18-b389-3351cdcf7243,Heuristic1,96,3,1
e4023cb0-2a14-4f0b-be35-a2da01c55b24,4,259ae78d-346e-4aa1-b638-235d1409f780,MCTS1,98,4,1
e4023cb0-2a14-4f0b-be35-a2da01c55b24,4,2288e9f9-743b-4cca-bef1-59a154a82da0,MCTS Heuristic 2,99,3,0
e4023cb0-2a14-4f0b-be35-a2da01c55b24,4,083dd400-7095-4eb7-82b6-b3884912bced,MCTS Heuristic 1,96,3,1
e4023cb0-2a14-4f0b-be35-a2da01c55b24,4,d472ddc9-fc15-4f18-b389-3351cdcf7243,Heuristic1,96,3,1
e4023cb0-2a14-4f0b-be35-a2da01c55b24,4,259ae78d-346e-4aa1-b638-235d1409f780,MCTS1,98,4,1
e4023cb0-2a14-4f0b-be35-a2da01c55b24,4,2288e9f9-743b-4cca-bef1-59a154a82da0,MCTS Heuristic 2,99,3,0
e4023cb0-2a14-4f0b-be35-a2da01c55b24,5,083dd400-7095-4eb7-82b6-b3884912bced,MCTS Heuristic 1,95,3,1
e4023cb0-2a14-4f0b-be35-a2da01c55b24,5,d472ddc9-fc15-4f18-b389-3351cdcf7243,Heuristic1,95,3,1
e4023cb0-2a14-4f0b-be35-a2da01c55b24,5,259ae78d-346e-4aa1-b638-235d1409f780,MCTS1,97,4,1
e4023cb0-2a14-4f0b-be35-a2da01c55b24,5,2288e9f9-743b-4cca-bef1-59a154a82da0,MCTS Heuristic 2,99,3,0
e4023cb0-2a14-4f0b-be35-a2da01c55b24,5,083dd400-7095-4eb7-82b6-b3884912bced,MCTS Heuristic 1,95,3,1
e4023cb0-2a14-4f0b-be35-a2da01c55b24,5,d472ddc9-fc15-4f18-b389-3351cdcf7243,Heuristic1,95,3,1
e4023cb0-2a14-4f0b-be35-a2da01c55b24,5,259ae78d-346e-4aa1-b638-235d1409f780,MCTS1,97,4,1
e4023cb0-2a14-4f0b-be35-a2da01c55b24,5,2288e9f9-743b-4cca-bef1-59a154a82da0,MCTS Heuristic 2,99,3,0
e4023cb0-2a14-4f0b-be35-a2da01c55b24,5,083dd400-7095-4eb7-82b6-b3884912bced,MCTS Heuristic 1,95,3,1
e4023cb0-2a14-4f0b-be35-a2da01c55b24,5,d472ddc9-fc15-4f18-b389-3351cdcf7243,Heuristic1,95,3,1
e4023cb0-2a14-4f0b-be35-a2da01c55b24,5,259ae78d-346e-4aa1-b638-235d1409f780,MCTS1,97,4,1
e4023cb0-2a14-4f0b-be35-a2da01c55b24,5,2288e9f9-743b-4cca-bef1-59a154a82da0,MCTS Heuristic 2,99,3,0
e4023cb0-2a14-4f0b-be35-a2da01c55b24,6,083dd400-7095-4eb7-82b6-b3884912bced,MCTS Heuristic 1,94,3,1
e4023cb0-2a14-4f0b-be35-a2da01c55b24,6,d472ddc9-fc15-4f18-b389-3351cdcf7243,Heuristic1,94,3,1
e4023cb0-2a14-4f0b-be35-a2da01c55b24,6,259ae78d-346e-4aa1-b638-235d1409f780,MCTS1,96,4,1
e4023cb0-2a14-4f0b-be35-a2da01c55b24,6,2288e9f9-743b-4cca-bef1-59a154a82da0,MCTS Heuristic 2,99,3,0
e4023cb0-2a14-4f0b-be35-a2da01c55b24,6,083dd400-7095-4eb7-82b6-b3884912bced,MCTS Heuristic 1,94,3,1
e4023cb0-2a14-4f0b-be35-a2da01c55b24,6,d472ddc9-fc15-4f18-b389-3351cdcf7243,Heuristic1,94,3,1
e4023cb0-2a14-4f0b-be35-a2da01c55b24,6,259ae78d-346e-4aa1-b638-235d1409f780,MCTS1,96,4,1
e4023cb0-2a14-4f0b-be35-a2da01c55b24,6,2288e9f9-743b-4cca-bef1-59a154a82da0,MCTS Heuristic 2,99,3,0
e4023cb0-2a14-4f0b-be35-a2da01c55b24,6,083dd400-7095-4eb7-82b6-b3884912bced,MCTS Heuristic 1,94,3,1
e4023cb0-2a14-4f0b-be35-a2da01c55b24,6,d472ddc9-fc15-4f18-b389-3351cdcf7243,Heuristic1,94,3,1
e4023cb0-2a14-4f0b-be35-a2da01c55b24,6,259ae78d-346e-4aa1-b638-235d1409f780,MCTS1,96,4,1
e4023cb0-2a14-4f0b-be35-a2da01c55b24,6,2288e9f9-743b-4cca-bef1-59a154a82da0,MCTS Heuristic 2,99,3,0
e4023cb0-2a14-4f0b-be35-a2da01c55b24,7,083dd400-7095-4eb7-82b6-b3884912bced,MCTS Heuristic 1,100,4,1
e4023cb0-2a14-4f0b-be35-a2da01c55b24,7,d472ddc9-fc15-4f18-b389-3351cdcf7243,Heuristic1,93,3,1
e4023cb0-2a14-4f0b-be35-a2da01c55b24,7,259ae78d-346e-4aa1-b638-235d1409f780,MCTS1,95,4,1
e4023cb0-2a14-4f0b-be35-a2da01c55b24,7,2288e9f9-743b-4cca-bef1-59a154a82da0,MCTS Heuristic 2,99,3,0
e4023cb0-2a14-4f0b-be35-a2da01c55b24,7,083dd400-7095-4eb7-82b6-b3884912bced,MCTS Heuristic 1,100,4,1
e4023cb0-2a14-4f0b-be35-a2da01c55b24,7,d472ddc9-fc15-4f18-b389-3351cdcf7243,Heuristic1,93,3,1
e4023cb0-2a14-4f0b-be35-a2da01c55b24,7,259ae78d-346e-4aa1-b638-235d1409f780,MCTS1,95,4,1
e4023cb0-2a14-4f0b-be35-a2da01c55b24,7,2288e9f9-743b-4cca-bef1-59a154a82da0,MCTS Heuristic 2,99,3,0
e4023cb0-2a14-4f0b-be35-a2da01c55b24,7,083dd400-7095-4eb7-82b6-b3884912bced,MCTS Heuristic 1,100,4,1
e4023cb0-2a14-4f0b-be35-a2da01c55b24,7,d472ddc9-fc15-4f18-b389-3351cdcf7243,Heuristic1,93,3,1
e4023cb0-2a14-4f0b-be35-a2da01c55b24,7,259ae78d-346e-4aa1-b638-235d1409f780,MCTS1,95,4,1
e4023cb0-2a14-4f0b-be35-a2da01c55b24,7,2288e9f9-743b-4cca-bef1-59a154a82da0,MCTS Heuristic 2,99,3,0
e4023cb0-2a14-4f0b-be35-a2da01c55b24,8,083dd400-7095-4eb7-82b6-b3884912bced,MCTS Heuristic 1,99,4,1
e4023cb0-2a14-4f0b-be35-a2da01c55b24,8,d472ddc9-fc15-4f18-b389-3351cdcf7243,Heuristic1,92,3,1
e4023cb0-2a14-4f0b-be35-a2da01c55b24,8,259ae78d-346e-4aa1-b638-235d1409f780,MCTS1,94,4,1
e4023cb0-2a14-4f0b-be35-a2da01c55b24,8,2288e9f9-743b-4cca-bef1-59a154a82da0,MCTS Heuristic 2,99,3,0
e4023cb0-2a14-4f0b-be35-a2da01c55b24,8,083dd400-7095-4eb7-82b6-b3884912bced,MCTS Heuristic 1,99,4,1
e4023cb0-2a14-4f0b-be35-a2da01c55b24,8,d472ddc9-fc15-4f18-b389-3351cdcf7243,Heuristic1,92,3,1
e4023cb0-2a14-4f0b-be35-a2da01c55b24,8,259ae78d-346e-4aa1-b638-235d1409f780,MCTS1,94,4,1
e4023cb0-2a14-4f0b-be35-a2da01c55b24,8,2288e9f9-743b-4cca-bef1-59a154a82da0,MCTS Heuristic 2,99,3,0
e4023cb0-2a14-4f0b-be35-a2da01c55b24,8,083dd400-7095-4eb7-82b6-b3884912bced,MCTS Heuristic 1,99,4,1
e4023cb0-2a14-4f0b-be35-a2da01c55b24,8,d472ddc9-fc15-4f18-b389-3351cdcf7243,Heuristic1,92,3,1
e4023cb0-2a14-4f0b-be35-a2da01c55b24,8,259ae78d-346e-4aa1-b638-235d1409f780,MCTS1,94,4,1
e4023cb0-2a14-4f0b-be35-a2da01c55b24,8,2288e9f9-743b-4cca-bef1-59a154a82da0,MCTS Heuristic 2,99,3,0
e4023cb0-2a14-4f0b-be35-a2da01c55b24,9,d472ddc9-fc15-4f18-b389-3351cdcf7243,Heuristic1,91,3,1
e4023cb0-2a14-4f0b-be35-a2da01c55b24,9,083dd400-7095-4eb7-82b6-b3884912bced,MCTS Heuristic 1,99,4,0
e4023cb0-2a14-4f0b-be35-a2da01c55b24,9,2288e9f9-743b-4cca-bef1-59a154a82da0,MCTS Heuristic 2,99,3,0
e4023cb0-2a14-4f0b-be35-a2da01c55b24,9,259ae78d-346e-4aa1-b638-235d1409f780,MCTS1,94,4,0
e4023cb0-2a14-4f0b-be35-a2da01c55b24,10,d472ddc9-fc15-4f18-b389-3351cdcf7243,Heuristic1,91,3,1
e4023cb0-2a14-4f0b-be35-a2da01c55b24,10,083dd400-7095-4eb7-82b6-b3884912bced,MCTS Heuristic 1,99,4,0
e4023cb0-2a14-4f0b-be35-a2da01c55b24,10,2288e9f9-743b-4cca-bef1-59a154a82da0,MCTS Heuristic 2,99,3,0
e4023cb0-2a14-4f0b-be35-a2da01c55b24,10,259ae78d-346e-4aa1-b638-235d1409f780,MCTS1,94,4,0
e4023cb0-2a14-4f0b-be35-a2da01c55b24,10,d472ddc9-fc15-4f18-b389-3351cdcf7243,Heuristic1,91,3,1
e4023cb0-2a14-4f0b-be35-a2da01c55b24,10,083dd400-7095-4eb7-82b6-b3884912bced,MCTS Heuristic 1,99,3,0
e4023cb0-2a14-4f0b-be35-a2da01c55b24,10,2288e9f9-743b-4cca-bef1-59a154a82da0,MCTS Heuristic 2,99,3,0
e4023cb0-2a14-4f0b-be35-a2da01c55b24,10,259ae78d-346e-4aa1-b638-235d1409f780,MCTS1,99,3,0
e4023cb0-2a14-4f0b-be35-a2da01c55b24,10,d472ddc9-fc15-4f18-b389-3351cdcf7243,Heuristic1,91,3,1
e4023cb0-2a14-4f0b-be35-a2da01c55b24,10,083dd400-7095-4eb7-82b6-b3884912bced,MCTS Heuristic 1,99,4,0
e4023cb0-2a14-4f0b-be35-a2da01c55b24,10,2288e9f9-743b-4cca-bef1-59a154a82da0,MCTS Heuristic 2,99,3,0
e4023cb0-2a14-4f0b-be35-a2da01c55b24,10,259ae78d-346e-4aa1-b638-235d1409f780,MCTS1,94,4,0
e4023cb0-2a14-4f0b-be35-a2da01c55b24,10,d472ddc9-fc15-4f18-b389-3351cdcf7243,Heuristic1,91,3,1
e4023cb0-2a14-4f0b-be35-a2da01c55b24,10,083dd400-7095-4eb7-82b6-b3884912bced,MCTS Heuristic 1,99,4,0
e4023cb0-2a14-4f0b-be35-a2da01c55b24,10,2288e9f9-743b-4cca-bef1-59a154a82da0,MCTS Heuristic 2,99,3,0
e4023cb0-2a14-4f0b-be35-a2da01c55b24,10,259ae78d-346e-4aa1-b638-235d1409f780,MCTS1,94,4,0
